months_as_customer,age,policy_number,policy_state,policy_csl,policy_deductable,policy_annual_premium,umbrella_limit,insured_sex,insured_education_level,insured_occupation,insured_hobbies,insured_relationship,capital-gains,capital-loss,incident_date,incident_type,collision_type,incident_severity,authorities_contacted,incident_state,incident_city,incident_location,incident_hour_of_the_day,number_of_vehicles_involved,property_damage,bodily_injuries,witnesses,police_report_available,total_claim_amount,injury_claim,property_claim,vehicle_claim,auto_make,auto_model,auto_year,fraud_reported,months_with_policy,incident_month,bind_year
228,42,342868,in,250/500,2000.0,1197.22,5000000.0,male,md,machine-op-inspct,reading,other-relative,0.0,0.0,2015-01-21,vehicle theft,Unknown,minor damage,police,va,riverwood,6608 mlk hwy,8,1,Unknown,0,0,Unknown,5070.0,780.0,780.0,3510.0,mercedes,e400,2007,1,104,1,2006
176,29,687698,oh,100/300,2000.0,1413.14,5000000.0,female,phd,sales,board-games,own-child,35100.0,0.0,2015-02-22,multi-vehicle collision,rear collision,minor damage,police,ny,columbus,7121 francis lane,7,3,no,2,3,no,34650.0,7700.0,3850.0,23100.0,dodge,ram,2007,0,176,2,2000
299,41,227811,il,250/500,2000.0,1415.74,6000000.0,female,phd,armed-forces,board-games,unmarried,48900.0,-62400.0,2015-01-10,single vehicle collision,front collision,major damage,police,oh,arlington,6956 maple drive,5,1,Unknown,1,2,no,63400.0,6340.0,6340.0,50720.0,chevrolet,tahoe,2014,1,299,1,1990
228,44,367455,il,500/1000,1000.0,1583.91,6000000.0,male,associate,sales,board-games,unmarried,66000.0,-46000.0,2015-02-17,vehicle theft,Unknown,minor damage,nan,ny,arlington,3041 3rd ave,20,1,no,0,1,no,6500.0,1300.0,650.0,4550.0,accura,rsx,2009,0,8,2,2014
235,42,543610,oh,100/300,500.0,1253.12,4000000.0,female,masters,exec-managerial,dancing,other-relative,38400.0,0.0,2015-01-06,single vehicle collision,front collision,total loss,police,ny,northbend,1558 1st ridge,22,1,yes,2,2,Unknown,87010.0,7910.0,15820.0,63280.0,ford,f150,2002,0,153,1,2002
447,61,214618,oh,100/300,2000.0,1137.16,0.0,female,high school,exec-managerial,skydiving,other-relative,0.0,-51000.0,2015-02-15,multi-vehicle collision,front collision,major damage,fire,sc,springfield,5971 5th hwy,21,3,yes,1,2,yes,114920.0,17680.0,17680.0,79560.0,audi,a3,2006,0,191,2,1999
209,23,842643,oh,500/1000,500.0,1215.36,3000000.0,male,md,protective-serv,reading,wife,0.0,0.0,2015-01-22,single vehicle collision,rear collision,total loss,ambulance,sc,northbend,6655 5th drive,9,1,yes,1,0,no,56520.0,4710.0,9420.0,42390.0,saab,95,2000,0,209,1,1997
118,26,558938,oh,500/1000,1000.0,1199.44,5000000.0,male,college,machine-op-inspct,hiking,own-child,63600.0,0.0,2015-02-22,multi-vehicle collision,rear collision,major damage,other,ny,riverwood,5074 3rd st,0,3,Unknown,1,2,yes,52110.0,5790.0,5790.0,40530.0,nissan,maxima,2012,0,118,2,2005
140,31,275265,in,500/1000,500.0,708.64,6000000.0,male,high school,machine-op-inspct,reading,unmarried,53500.0,0.0,2015-01-06,single vehicle collision,side collision,total loss,police,wv,northbend,4546 tree st,9,1,no,0,2,yes,77880.0,14160.0,7080.0,56640.0,suburu,legacy,2015,0,123,1,2004
460,62,183430,in,250/500,1000.0,1187.96,4000000.0,male,jd,other-service,bungie-jumping,own-child,0.0,0.0,2015-01-01,multi-vehicle collision,rear collision,minor damage,police,ny,columbus,5380 pine st,20,3,no,1,0,Unknown,47160.0,0.0,5240.0,41920.0,suburu,impreza,2011,0,152,1,2002
202,34,608513,in,100/300,500.0,848.07,3000000.0,male,jd,exec-managerial,chess,not-in-family,31000.0,-30200.0,2015-01-07,vehicle theft,Unknown,minor damage,nan,va,northbrook,3790 andromedia hwy,5,1,yes,2,1,Unknown,5720.0,1040.0,520.0,4160.0,suburu,forrestor,2003,1,151,1,2002
166,37,666333,il,100/300,2000.0,1337.28,8000000.0,male,jd,craft-repair,reading,husband,27500.0,0.0,2015-02-28,multi-vehicle collision,side collision,major damage,police,wv,riverwood,9038 2nd lane,10,3,no,2,2,Unknown,67140.0,7460.0,7460.0,52220.0,ford,f150,2006,1,81,2,2008
147,33,129872,oh,100/300,1000.0,1334.15,6000000.0,male,high school,craft-repair,reading,not-in-family,53300.0,-49200.0,2015-01-24,single vehicle collision,front collision,major damage,other,wv,springfield,3104 sky drive,15,1,yes,2,0,yes,53100.0,10620.0,5310.0,37170.0,mercedes,c300,1995,1,54,1,2010
144,30,790442,oh,250/500,500.0,538.17,0.0,female,phd,transport-moving,reading,own-child,49700.0,-60200.0,2015-02-10,single vehicle collision,rear collision,total loss,other,nc,arlington,6660 mlk drive,23,1,no,2,2,no,51120.0,5680.0,5680.0,39760.0,mercedes,e400,2005,0,144,2,2003
355,47,939631,oh,500/1000,2000.0,1273.7,4000000.0,male,college,other-service,kayaking,husband,0.0,0.0,2015-01-10,multi-vehicle collision,front collision,major damage,fire,wv,arlington,8907 tree ave,19,3,no,2,1,no,62800.0,6280.0,6280.0,50240.0,audi,a3,2003,1,302,1,1990
175,34,866931,in,500/1000,1000.0,1123.87,8000000.0,female,phd,protective-serv,dancing,other-relative,0.0,0.0,2015-02-26,vehicle theft,Unknown,trivial damage,police,ny,arlington,6619 flute ave,5,1,Unknown,2,0,yes,7290.0,810.0,810.0,5670.0,volkswagen,passat,1995,0,86,2,2008
430,59,691189,oh,250/500,2000.0,1326.62,7000000.0,male,md,other-service,bungie-jumping,own-child,0.0,0.0,2015-01-03,multi-vehicle collision,front collision,minor damage,fire,ny,riverwood,5104 francis drive,19,3,Unknown,0,3,yes,81800.0,16360.0,8180.0,57260.0,nissan,pathfinder,1998,0,133,1,2004
295,42,132902,oh,250/500,2000.0,1641.73,5000000.0,male,phd,sales,chess,not-in-family,62400.0,0.0,2015-01-20,multi-vehicle collision,rear collision,total loss,fire,va,riverwood,1269 flute drive,16,3,no,0,0,no,59130.0,6570.0,6570.0,45990.0,ford,escape,2006,1,94,1,2007
107,31,356590,in,250/500,500.0,1239.22,7000000.0,female,high school,tech-support,paintball,not-in-family,43400.0,-91200.0,2015-01-30,single vehicle collision,side collision,minor damage,fire,sc,springfield,9169 pine ridge,12,1,yes,0,1,no,89700.0,13800.0,13800.0,62100.0,audi,a5,2009,1,42,1,2011
194,39,627540,oh,500/1000,1000.0,1489.24,6000000.0,female,jd,other-service,kayaking,wife,0.0,-45000.0,2015-01-24,vehicle theft,Unknown,minor damage,nan,sc,springfield,7877 sky lane,15,1,yes,2,2,yes,8060.0,1240.0,1240.0,5580.0,saab,95,2004,0,56,1,2010
244,40,645258,oh,500/1000,2000.0,1267.81,5000000.0,female,masters,exec-managerial,video-games,wife,0.0,0.0,2015-01-03,vehicle theft,Unknown,trivial damage,nan,nc,northbrook,7098 lincoln hwy,10,1,Unknown,2,1,Unknown,6600.0,660.0,1320.0,4620.0,accura,tl,2005,0,213,1,1997
78,29,694662,il,250/500,1000.0,1234.2,6000000.0,male,masters,other-service,bungie-jumping,other-relative,0.0,0.0,2015-01-29,vehicle theft,Unknown,minor damage,police,ny,northbrook,5124 maple st,3,1,yes,2,2,no,7500.0,750.0,1500.0,5250.0,nissan,maxima,2002,0,48,1,2011
153,34,798177,il,500/1000,1000.0,873.64,4000000.0,female,associate,priv-house-serv,yachting,husband,800.0,0.0,2015-01-30,multi-vehicle collision,front collision,minor damage,other,sc,columbus,9489 3rd st,9,3,no,2,1,Unknown,68400.0,11400.0,11400.0,45600.0,ford,f150,2007,0,108,1,2006
188,36,679370,il,500/1000,2000.0,1318.24,9000000.0,female,college,prof-specialty,kayaking,not-in-family,0.0,-78600.0,2015-01-30,parked car,Unknown,trivial damage,nan,wv,arlington,5540 sky st,9,1,no,0,1,yes,4700.0,940.0,470.0,3290.0,dodge,neon,2002,0,188,1,1999
185,29,686816,oh,250/500,2000.0,1326.44,5000000.0,female,high school,sales,board-games,own-child,0.0,0.0,2015-02-24,multi-vehicle collision,front collision,total loss,fire,sc,arlington,8442 britain hwy,12,2,yes,1,1,Unknown,66950.0,10300.0,10300.0,46350.0,saab,93,1995,0,185,2,1999
263,23,127754,il,250/500,2000.0,1136.83,4000000.0,female,associate,tech-support,exercise,own-child,0.0,-62400.0,2015-02-02,single vehicle collision,side collision,major damage,police,ny,columbus,1331 britain hwy,14,1,no,0,3,Unknown,98340.0,8940.0,17880.0,71520.0,honda,accord,2004,1,263,2,1993
80,25,992145,il,100/300,2000.0,1075.18,5000000.0,female,phd,armed-forces,exercise,husband,67700.0,-58400.0,2015-02-21,vehicle theft,Unknown,minor damage,nan,oh,northbrook,3289 britain drive,5,1,no,2,0,yes,6930.0,1260.0,630.0,5040.0,toyota,highlander,2001,0,36,2,2012
453,60,149367,in,100/300,500.0,1298.91,6000000.0,male,phd,craft-repair,dancing,unmarried,52600.0,-38800.0,2015-01-06,single vehicle collision,front collision,major damage,fire,nc,springfield,7253 mlk st,0,1,yes,0,0,Unknown,70000.0,14000.0,7000.0,49000.0,ford,f150,2015,1,143,1,2003
258,46,648397,in,100/300,1000.0,1110.37,10000000.0,male,md,machine-op-inspct,hiking,other-relative,34400.0,-56800.0,2015-01-24,multi-vehicle collision,side collision,total loss,other,ny,riverwood,4539 texas st,14,3,no,0,1,Unknown,47700.0,4770.0,9540.0,33390.0,accura,mdx,1997,1,193,1,1999
245,39,531640,oh,250/500,500.0,964.79,8000000.0,female,associate,adm-clerical,camping,husband,58000.0,0.0,2015-02-20,multi-vehicle collision,rear collision,minor damage,police,ny,arlington,1628 best drive,7,3,Unknown,0,1,Unknown,72820.0,13240.0,6620.0,52960.0,bmw,3 series,2010,0,168,2,2001
255,41,368050,il,500/1000,2000.0,1167.3,4000000.0,male,high school,priv-house-serv,board-games,other-relative,0.0,0.0,2015-02-22,single vehicle collision,side collision,minor damage,fire,sc,hillsdale,8381 solo hwy,22,1,no,2,0,Unknown,69300.0,13860.0,13860.0,41580.0,volkswagen,passat,2000,0,25,2,2013
206,36,253791,il,500/1000,500.0,1625.45,4000000.0,female,md,other-service,video-games,other-relative,0.0,-53700.0,2015-01-23,single vehicle collision,front collision,major damage,ambulance,ny,northbrook,2100 mlk st,11,1,no,2,1,no,76560.0,12760.0,12760.0,51040.0,ford,fusion,2008,1,67,1,2009
206,39,965768,in,250/500,1000.0,1302.4,6000000.0,male,jd,craft-repair,dancing,unmarried,47200.0,-69700.0,2015-02-17,multi-vehicle collision,rear collision,total loss,ambulance,ny,hillsdale,1598 3rd drive,12,3,no,2,3,yes,36300.0,3300.0,9900.0,23100.0,ford,escape,2013,0,6,2,2014
81,28,469874,il,250/500,1000.0,1139.0,6000000.0,female,masters,sales,sleeping,husband,42400.0,0.0,2015-01-14,multi-vehicle collision,front collision,major damage,fire,sc,northbend,7756 solo drive,0,3,Unknown,1,2,Unknown,44730.0,4970.0,4970.0,34790.0,saab,92x,2000,1,40,1,2011
231,33,649082,il,500/1000,1000.0,1922.84,0.0,female,high school,machine-op-inspct,skydiving,wife,0.0,-45200.0,2015-01-24,single vehicle collision,side collision,total loss,police,wv,northbend,5061 francis ave,0,1,Unknown,2,1,no,46800.0,4680.0,9360.0,32760.0,jeep,wrangler,2002,0,231,1,1996
251,29,354105,in,250/500,2000.0,1238.62,6000000.0,male,md,exec-managerial,yachting,other-relative,0.0,-56200.0,2015-02-14,single vehicle collision,rear collision,major damage,ambulance,sc,springfield,8576 andromedia st,14,1,Unknown,2,3,Unknown,70800.0,7080.0,14160.0,49560.0,accura,mdx,2012,1,251,2,1994
214,41,795686,il,500/1000,500.0,1398.51,4000000.0,male,masters,tech-support,polo,not-in-family,0.0,-57100.0,2015-02-01,multi-vehicle collision,side collision,major damage,fire,nc,northbend,4672 mlk st,13,3,Unknown,2,0,no,64000.0,12800.0,6400.0,44800.0,bmw,x6,1996,1,125,2,2004
101,33,575000,oh,100/300,1000.0,1053.04,7000000.0,female,masters,other-service,reading,own-child,52000.0,-44500.0,2015-02-24,multi-vehicle collision,rear collision,minor damage,ambulance,nc,northbrook,5621 4th ave,20,3,no,1,3,Unknown,54240.0,9040.0,9040.0,36160.0,saab,93,2013,1,32,2,2012
428,59,299796,in,250/500,500.0,1344.36,7000000.0,female,jd,prof-specialty,hiking,other-relative,0.0,0.0,2015-02-06,parked car,Unknown,minor damage,nan,wv,northbend,6375 2nd lane,8,1,Unknown,2,3,no,6500.0,1300.0,650.0,4550.0,saab,92x,2013,0,186,2,1999
278,48,139484,in,500/1000,2000.0,1142.62,7000000.0,female,md,farming-fishing,dancing,not-in-family,0.0,-54000.0,2015-01-16,single vehicle collision,front collision,total loss,ambulance,sc,northbrook,7523 oak lane,12,1,Unknown,2,0,Unknown,76050.0,11700.0,11700.0,52650.0,chevrolet,silverado,1997,0,188,1,1999
150,30,346940,oh,500/1000,1000.0,1166.54,0.0,female,masters,prof-specialty,sleeping,not-in-family,47700.0,-59300.0,2015-01-21,single vehicle collision,front collision,major damage,fire,sc,arlington,9316 pine ave,3,1,yes,2,0,no,107900.0,10790.0,21580.0,75530.0,dodge,neon,1997,1,150,1,2002
146,31,425973,in,250/500,500.0,1229.16,4000000.0,female,md,transport-moving,kayaking,wife,0.0,-88300.0,2015-02-23,multi-vehicle collision,front collision,major damage,fire,pa,hillsdale,9153 3rd hwy,2,3,Unknown,0,2,yes,48100.0,11100.0,7400.0,29600.0,volkswagen,jetta,2014,0,146,2,2003
324,46,648509,in,100/300,2000.0,897.89,6000000.0,male,md,tech-support,board-games,wife,0.0,-41300.0,2015-01-21,single vehicle collision,rear collision,minor damage,other,pa,hillsdale,4519 embaracadero st,13,1,Unknown,1,0,yes,79600.0,15920.0,15920.0,47760.0,jeep,wrangler,2011,0,59,1,2010
235,39,651861,il,100/300,500.0,1046.58,4000000.0,male,md,tech-support,exercise,wife,0.0,-31700.0,2015-01-24,vehicle theft,Unknown,trivial damage,nan,ny,hillsdale,6193 1st hwy,1,1,Unknown,2,1,no,4950.0,450.0,900.0,3600.0,chevrolet,silverado,2010,0,49,1,2011
111,27,514065,in,250/500,500.0,1363.77,4000000.0,female,masters,tech-support,exercise,husband,51100.0,0.0,2015-01-17,single vehicle collision,side collision,total loss,police,va,springfield,9748 sky drive,12,1,yes,2,3,no,90970.0,16540.0,16540.0,57890.0,accura,rsx,2009,0,73,1,2009
197,26,391652,oh,100/300,500.0,1382.88,7000000.0,male,jd,tech-support,cross-fit,other-relative,0.0,-30300.0,2015-01-12,single vehicle collision,rear collision,minor damage,police,sc,northbend,2293 washington ave,11,1,Unknown,1,1,yes,81840.0,14880.0,7440.0,59520.0,chevrolet,malibu,2011,1,197,1,1998
296,46,922167,oh,100/300,1000.0,1141.35,7000000.0,male,masters,craft-repair,sleeping,not-in-family,0.0,0.0,2015-01-06,single vehicle collision,front collision,major damage,ambulance,ny,northbend,3656 solo ave,18,1,Unknown,0,2,no,54900.0,5490.0,5490.0,43920.0,mercedes,c300,2013,0,266,1,1993
226,35,442795,oh,500/1000,500.0,1054.83,7000000.0,male,jd,tech-support,cross-fit,husband,0.0,-51300.0,2015-02-25,single vehicle collision,front collision,total loss,fire,ny,northbend,8579 apache drive,17,1,yes,2,3,no,88660.0,8060.0,16120.0,64480.0,mercedes,c300,2007,1,226,2,1996
81,25,524230,in,100/300,500.0,920.3,5000000.0,female,high school,tech-support,hiking,own-child,51000.0,-67900.0,2015-02-21,multi-vehicle collision,rear collision,major damage,other,wv,hillsdale,9730 2nd hwy,11,3,Unknown,1,0,Unknown,73920.0,13440.0,6720.0,53760.0,honda,civic,2003,1,12,2,2014
144,26,918777,il,250/500,2000.0,1191.19,4000000.0,male,md,farming-fishing,basketball,not-in-family,29300.0,0.0,2015-02-12,multi-vehicle collision,rear collision,total loss,other,va,northbrook,3653 elm drive,9,3,Unknown,0,1,yes,40160.0,5020.0,0.0,35140.0,chevrolet,tahoe,2003,0,144,2,2003
219,39,653864,in,250/500,2000.0,1281.07,7000000.0,female,high school,protective-serv,board-games,unmarried,0.0,0.0,2015-01-18,parked car,Unknown,trivial damage,police,ny,springfield,4116 embaracadero lane,6,1,no,0,2,no,5920.0,740.0,740.0,4440.0,chevrolet,malibu,2015,0,94,1,2007
343,48,436126,in,250/500,500.0,1451.54,3000000.0,male,jd,adm-clerical,hiking,husband,0.0,0.0,2015-01-08,multi-vehicle collision,side collision,total loss,police,sc,riverwood,3167 2nd st,13,4,no,2,3,no,65070.0,7230.0,14460.0,43380.0,mercedes,c300,2003,0,63,1,2009
335,50,565564,oh,100/300,1000.0,1538.26,6000000.0,male,high school,sales,yachting,other-relative,62200.0,-31400.0,2015-01-24,multi-vehicle collision,side collision,minor damage,ambulance,ny,riverwood,9760 solo lane,12,3,yes,2,3,yes,34320.0,8580.0,4290.0,21450.0,volkswagen,passat,2009,0,96,1,2007
242,33,604614,in,100/300,2000.0,1362.64,5000000.0,female,jd,exec-managerial,cross-fit,wife,0.0,0.0,2015-01-21,single vehicle collision,side collision,total loss,other,nc,columbus,3414 elm ave,11,1,yes,1,3,Unknown,81360.0,6780.0,13560.0,61020.0,suburu,legacy,2009,1,242,1,1995
281,43,529398,oh,100/300,1000.0,1515.18,6000000.0,male,college,priv-house-serv,camping,other-relative,0.0,0.0,2015-01-09,multi-vehicle collision,side collision,minor damage,fire,sc,northbrook,9798 sky ridge,21,3,no,1,0,no,60190.0,9260.0,9260.0,41670.0,bmw,x6,1999,0,262,1,1993
362,50,114839,il,250/500,500.0,1198.34,4000000.0,male,associate,sales,board-games,wife,53000.0,-72500.0,2015-01-07,multi-vehicle collision,side collision,total loss,fire,ny,columbus,8655 cherokee lane,17,3,Unknown,1,1,no,57060.0,6340.0,6340.0,44380.0,mercedes,e400,1995,0,109,1,2006
371,52,740505,il,250/500,1000.0,1242.96,7000000.0,female,high school,other-service,paintball,own-child,0.0,-37100.0,2015-02-22,multi-vehicle collision,rear collision,minor damage,other,ny,riverwood,5838 pine lane,2,2,yes,2,0,Unknown,88920.0,6840.0,13680.0,68400.0,accura,rsx,2010,0,211,2,1997
154,37,241562,il,250/500,1000.0,2047.59,0.0,female,md,farming-fishing,dancing,other-relative,0.0,-67800.0,2015-01-09,single vehicle collision,rear collision,minor damage,other,sc,columbus,9610 cherokee st,2,1,Unknown,0,3,no,79530.0,14460.0,7230.0,57840.0,accura,mdx,2000,0,60,1,2010
298,46,667021,oh,500/1000,1000.0,1138.42,6000000.0,male,jd,prof-specialty,dancing,own-child,36900.0,-55000.0,2015-02-16,single vehicle collision,side collision,minor damage,police,sc,arlington,5277 texas lane,18,1,no,2,3,yes,33550.0,3050.0,6100.0,24400.0,volkswagen,passat,2005,0,94,2,2007
99,32,130930,in,100/300,1000.0,1058.21,3000000.0,male,jd,craft-repair,golf,unmarried,0.0,0.0,2015-01-10,single vehicle collision,front collision,total loss,fire,ny,arlington,2376 sky ridge,17,1,yes,1,1,no,41130.0,4570.0,4570.0,31990.0,dodge,ram,1999,0,5,1,2014
269,44,187775,oh,100/300,500.0,1297.75,4000000.0,female,jd,other-service,chess,own-child,0.0,-41400.0,2015-02-01,multi-vehicle collision,rear collision,total loss,ambulance,sc,columbus,1830 sky st,15,3,Unknown,0,1,Unknown,98670.0,15180.0,15180.0,68310.0,chevrolet,tahoe,2010,1,147,2,2002
101,27,326322,il,250/500,1000.0,433.33,0.0,male,masters,machine-op-inspct,golf,other-relative,25900.0,0.0,2015-01-02,parked car,Unknown,minor damage,nan,sc,hillsdale,6067 weaver ridge,7,1,Unknown,0,3,no,5900.0,1180.0,590.0,4130.0,mercedes,e400,2009,0,96,1,2007
151,27,532330,oh,250/500,500.0,1459.97,5000000.0,male,md,sales,yachting,other-relative,0.0,0.0,2015-02-27,multi-vehicle collision,side collision,major damage,police,sc,northbend,4983 mlk ridge,2,3,no,1,2,no,80850.0,7350.0,14700.0,58800.0,ford,f150,2011,1,151,2,2002
461,57,737593,il,100/300,500.0,865.33,7000000.0,female,high school,farming-fishing,golf,own-child,0.0,0.0,2015-01-14,multi-vehicle collision,side collision,major damage,ambulance,ny,hillsdale,5236 weaver drive,7,3,no,0,1,Unknown,59040.0,9840.0,9840.0,39360.0,dodge,ram,1995,0,207,1,1997
232,43,751905,oh,250/500,500.0,1483.91,8000000.0,male,college,machine-op-inspct,golf,husband,0.0,-33600.0,2015-01-18,multi-vehicle collision,rear collision,major damage,ambulance,ny,arlington,2318 washington hwy,17,3,no,0,1,Unknown,70600.0,7060.0,14120.0,49420.0,volkswagen,passat,2013,1,166,1,2001
244,40,226725,in,500/1000,2000.0,1304.67,7000000.0,male,masters,armed-forces,base-jumping,other-relative,0.0,-45000.0,2015-01-10,multi-vehicle collision,side collision,minor damage,police,sc,hillsdale,8809 flute st,5,3,Unknown,1,1,Unknown,61490.0,5590.0,11180.0,44720.0,dodge,ram,2001,0,187,1,1999
59,38,356768,il,100/300,500.0,1006.77,6000000.0,female,college,other-service,sleeping,own-child,0.0,0.0,2015-02-06,multi-vehicle collision,side collision,minor damage,police,sc,northbend,7434 oak hwy,15,3,yes,2,1,yes,70900.0,14180.0,7090.0,49630.0,bmw,x6,1997,0,59,2,2010
436,58,987905,oh,250/500,2000.0,1407.01,5000000.0,male,phd,tech-support,sleeping,other-relative,47400.0,-27600.0,2015-01-10,single vehicle collision,rear collision,major damage,police,wv,riverwood,3658 rock drive,10,1,Unknown,0,2,Unknown,59900.0,11980.0,5990.0,41930.0,bmw,x5,1997,1,154,1,2002
163,31,127313,in,100/300,1000.0,1004.63,6000000.0,male,jd,priv-house-serv,hiking,not-in-family,26900.0,0.0,2015-01-07,multi-vehicle collision,rear collision,total loss,ambulance,sc,hillsdale,3439 andromedia hwy,14,3,yes,2,0,no,63910.0,5810.0,11620.0,46480.0,suburu,forrestor,1999,0,155,1,2002
168,39,448642,in,500/1000,1000.0,1248.25,4000000.0,female,college,sales,hiking,own-child,0.0,-33300.0,2015-02-01,parked car,Unknown,minor damage,police,va,northbrook,3376 5th drive,8,1,no,0,2,Unknown,8760.0,1460.0,1460.0,5840.0,bmw,3 series,2013,0,168,2,2001
284,42,526039,oh,100/300,500.0,1338.54,-1000000.0,male,associate,machine-op-inspct,kayaking,wife,0.0,0.0,2015-01-29,single vehicle collision,side collision,major damage,ambulance,nc,arlington,3936 tree drive,13,1,yes,0,1,Unknown,94160.0,8560.0,17120.0,68480.0,chevrolet,malibu,1996,0,240,1,1995
213,27,515698,in,250/500,2000.0,1097.64,0.0,male,high school,transport-moving,video-games,other-relative,27100.0,0.0,2015-02-06,multi-vehicle collision,rear collision,major damage,other,pa,northbend,1133 apache st,16,2,no,1,0,Unknown,63720.0,7080.0,21240.0,35400.0,accura,tl,2006,0,213,2,1997
245,31,714929,il,100/300,2000.0,1018.73,5000000.0,male,associate,handlers-cleaners,yachting,own-child,20000.0,-82700.0,2015-01-27,multi-vehicle collision,side collision,total loss,police,ny,riverwood,8509 apache st,21,3,yes,1,2,Unknown,93730.0,14420.0,21630.0,57680.0,honda,crv,2001,0,245,1,1994
267,40,426708,il,250/500,500.0,1155.53,5000000.0,male,jd,transport-moving,camping,wife,0.0,-35200.0,2015-01-24,parked car,Unknown,trivial damage,police,ny,columbus,3094 best lane,5,1,Unknown,0,2,no,5670.0,1260.0,630.0,3780.0,ford,f150,1997,0,64,1,2009
111,29,235869,il,250/500,500.0,1239.55,2000000.0,female,phd,farming-fishing,kayaking,own-child,0.0,0.0,2015-01-09,single vehicle collision,side collision,major damage,fire,sc,riverwood,2230 1st st,1,1,Unknown,1,1,yes,52800.0,4800.0,9600.0,38400.0,mercedes,ml350,1996,1,48,1,2011
283,37,371635,oh,500/1000,1000.0,1086.48,6000000.0,male,associate,machine-op-inspct,hiking,unmarried,0.0,-53800.0,2015-01-16,multi-vehicle collision,rear collision,total loss,other,ny,northbrook,8064 4th ave,17,3,Unknown,1,1,yes,77440.0,14080.0,7040.0,56320.0,suburu,legacy,1999,0,283,1,1991
91,30,515217,il,250/500,2000.0,1316.63,8000000.0,female,masters,machine-op-inspct,golf,unmarried,43900.0,0.0,2015-01-08,multi-vehicle collision,side collision,minor damage,other,sc,northbend,3495 britain drive,13,3,yes,2,0,Unknown,84500.0,13000.0,13000.0,58500.0,bmw,x6,2009,0,55,1,2010
195,31,414519,in,250/500,1000.0,1554.64,4000000.0,male,phd,protective-serv,board-games,own-child,0.0,-27900.0,2015-02-03,single vehicle collision,front collision,major damage,other,wv,springfield,1507 solo ave,21,1,no,1,0,no,55660.0,5060.0,10120.0,40480.0,honda,crv,2009,1,195,2,1999
163,30,406567,oh,100/300,500.0,1399.27,6000000.0,male,college,prof-specialty,hiking,wife,38900.0,-48700.0,2015-02-24,single vehicle collision,side collision,total loss,fire,nc,arlington,9417 tree hwy,22,1,Unknown,0,0,yes,53440.0,0.0,6680.0,46760.0,ford,escape,2004,0,163,2,2001
121,31,623032,il,500/1000,1000.0,1061.98,6000000.0,female,jd,armed-forces,camping,unmarried,0.0,0.0,2015-02-01,single vehicle collision,rear collision,minor damage,police,wv,hillsdale,3809 texas lane,16,1,no,0,1,yes,65250.0,7250.0,7250.0,50750.0,bmw,3 series,2002,0,96,2,2007
176,39,935442,oh,250/500,500.0,1365.46,4000000.0,male,college,armed-forces,sleeping,unmarried,0.0,-56600.0,2015-02-05,multi-vehicle collision,side collision,minor damage,fire,sc,columbus,1540 apache lane,14,3,no,2,1,no,44280.0,4920.0,4920.0,34440.0,chevrolet,silverado,2008,0,51,2,2010
216,38,421940,in,100/300,1000.0,1384.64,5000000.0,female,associate,tech-support,board-games,unmarried,0.0,0.0,2015-01-09,single vehicle collision,rear collision,total loss,police,va,columbus,5780 4th ave,16,1,Unknown,2,3,no,66600.0,16650.0,11100.0,38850.0,jeep,grand cherokee,2012,1,7,1,2014
429,56,804410,oh,250/500,1000.0,1127.89,6000000.0,male,associate,machine-op-inspct,skydiving,own-child,67400.0,-43800.0,2015-01-28,single vehicle collision,rear collision,minor damage,ambulance,wv,springfield,5639 1st ridge,0,1,yes,2,0,yes,39480.0,6580.0,6580.0,26320.0,suburu,forrestor,2002,0,196,1,1998
257,43,553565,in,500/1000,2000.0,929.7,6000000.0,female,phd,handlers-cleaners,base-jumping,husband,46400.0,-74300.0,2015-01-14,single vehicle collision,front collision,total loss,other,va,arlington,3834 pine st,12,1,Unknown,2,2,yes,63240.0,10540.0,5270.0,47430.0,mercedes,e400,2005,0,193,1,1999
230,39,331595,il,100/300,1000.0,904.7,7000000.0,female,md,craft-repair,bungie-jumping,unmarried,68600.0,-22300.0,2015-02-17,single vehicle collision,front collision,major damage,fire,sc,riverwood,7460 apache lane,0,1,Unknown,1,3,no,74200.0,14840.0,14840.0,44520.0,accura,tl,2002,1,185,2,1999
114,26,360770,in,100/300,500.0,1285.03,3000000.0,female,high school,craft-repair,camping,unmarried,0.0,-41500.0,2015-02-03,single vehicle collision,rear collision,minor damage,fire,va,riverwood,8940 elm ave,0,1,no,1,3,Unknown,52200.0,5220.0,10440.0,36540.0,honda,crv,2011,0,114,2,2005
451,61,533941,in,250/500,2000.0,1618.65,2000000.0,female,associate,transport-moving,polo,unmarried,0.0,-42600.0,2015-02-04,multi-vehicle collision,rear collision,major damage,ambulance,oh,columbus,2651 mlk lane,3,3,yes,2,1,yes,78100.0,15620.0,7810.0,54670.0,chevrolet,tahoe,1997,1,202,2,1998
154,36,979285,il,250/500,2000.0,1313.51,7000000.0,female,masters,exec-managerial,dancing,own-child,68500.0,0.0,2015-02-03,vehicle theft,Unknown,trivial damage,nan,sc,northbrook,8864 tree ridge,9,1,Unknown,2,0,Unknown,2800.0,280.0,280.0,2240.0,volkswagen,passat,2015,0,135,2,2003
216,31,388671,oh,250/500,2000.0,1554.86,6000000.0,female,jd,armed-forces,base-jumping,wife,59000.0,0.0,2015-02-16,parked car,Unknown,minor damage,nan,wv,arlington,4585 francis ave,2,1,yes,1,2,Unknown,6120.0,680.0,680.0,4760.0,honda,civic,2002,1,216,2,1997
419,53,457244,il,500/1000,2000.0,736.07,6000000.0,male,college,transport-moving,chess,unmarried,45700.0,0.0,2015-02-04,multi-vehicle collision,side collision,minor damage,police,sc,northbend,6738 francis hwy,17,4,Unknown,0,0,yes,62280.0,5190.0,10380.0,46710.0,suburu,forrestor,2012,0,207,2,1998
315,44,206667,il,250/500,1000.0,974.16,6000000.0,female,masters,sales,reading,other-relative,0.0,-56800.0,2015-02-07,multi-vehicle collision,front collision,total loss,other,ny,springfield,7576 pine ridge,12,3,Unknown,1,0,yes,26730.0,4860.0,4860.0,17010.0,volkswagen,jetta,2006,0,264,2,1993
32,26,412703,oh,100/300,2000.0,1260.32,6000000.0,male,jd,other-service,polo,not-in-family,0.0,-79800.0,2015-02-28,single vehicle collision,side collision,total loss,fire,va,northbrook,2299 britain drive,16,1,Unknown,1,2,Unknown,45500.0,9100.0,4550.0,31850.0,toyota,corolla,2009,0,3,2,2014
265,41,626074,in,250/500,2000.0,1724.46,6000000.0,female,associate,craft-repair,sleeping,own-child,81800.0,0.0,2015-01-13,multi-vehicle collision,side collision,total loss,police,sc,northbend,1985 5th ave,18,3,Unknown,1,3,Unknown,44200.0,4420.0,4420.0,35360.0,audi,a5,2014,0,210,1,1997
235,36,467106,oh,100/300,2000.0,1209.41,5000000.0,male,jd,machine-op-inspct,base-jumping,wife,0.0,0.0,2015-02-16,multi-vehicle collision,side collision,total loss,other,ny,columbus,6681 texas ridge,15,3,yes,0,1,Unknown,62810.0,11420.0,11420.0,39970.0,nissan,ultima,1999,0,235,2,1995
126,33,357713,oh,500/1000,1000.0,1141.71,2000000.0,female,jd,priv-house-serv,sleeping,own-child,36700.0,-73400.0,2015-01-04,single vehicle collision,front collision,major damage,ambulance,wv,northbrook,7782 rock st,21,1,yes,1,2,Unknown,54160.0,6770.0,6770.0,40620.0,suburu,legacy,2009,0,87,1,2007
297,48,751612,in,250/500,1000.0,1464.73,3000000.0,male,phd,exec-managerial,golf,other-relative,54900.0,-36700.0,2015-01-25,multi-vehicle collision,side collision,total loss,fire,ny,arlington,8758 5th st,17,3,Unknown,0,0,no,51480.0,5720.0,5720.0,40040.0,toyota,highlander,2013,0,68,1,2009
298,31,121439,in,500/1000,500.0,1257.83,7000000.0,male,high school,farming-fishing,reading,own-child,40700.0,-41600.0,2015-02-14,multi-vehicle collision,rear collision,major damage,other,oh,arlington,6738 washington hwy,2,4,no,2,2,no,47700.0,4770.0,9540.0,33390.0,accura,tl,2011,1,298,2,1990
409,57,538466,in,100/300,1000.0,1191.8,6000000.0,male,high school,protective-serv,exercise,unmarried,55600.0,0.0,2015-01-06,single vehicle collision,side collision,major damage,other,ny,riverwood,6934 lincoln ave,19,1,no,1,0,Unknown,73320.0,6110.0,12220.0,54990.0,ford,fusion,2012,0,236,1,1995
267,33,552618,in,100/300,1000.0,969.88,6000000.0,male,md,armed-forces,exercise,own-child,0.0,0.0,2015-01-21,single vehicle collision,rear collision,minor damage,ambulance,ny,columbus,6409 cherokee drive,21,1,no,1,0,yes,76920.0,12820.0,6410.0,57690.0,chevrolet,malibu,2002,0,267,1,1993
66,30,396224,in,100/300,500.0,1455.65,4000000.0,female,college,transport-moving,skydiving,wife,0.0,-66300.0,2015-02-15,multi-vehicle collision,side collision,total loss,fire,wv,hillsdale,3110 lincoln lane,6,3,Unknown,2,3,no,79800.0,15960.0,7980.0,55860.0,honda,civic,1999,0,66,2,2009
108,32,439828,oh,500/1000,2000.0,1257.0,4000000.0,female,high school,machine-op-inspct,basketball,unmarried,63900.0,-43700.0,2015-01-11,single vehicle collision,front collision,total loss,other,wv,northbrook,1929 britain drive,23,1,no,1,3,no,61270.0,5570.0,11140.0,44560.0,suburu,legacy,1999,0,101,1,2006
220,33,296960,il,250/500,500.0,1362.87,5000000.0,female,jd,exec-managerial,paintball,own-child,56900.0,-56900.0,2015-02-24,single vehicle collision,side collision,minor damage,other,ny,springfield,6889 cherokee st,6,1,no,2,0,Unknown,95810.0,14740.0,14740.0,66330.0,bmw,x5,2007,0,220,2,1997
187,31,268833,in,100/300,1000.0,1338.4,4000000.0,female,high school,priv-house-serv,polo,own-child,63600.0,0.0,2015-02-25,single vehicle collision,side collision,minor damage,police,nc,hillsdale,7299 apache st,19,1,Unknown,1,0,no,60570.0,6730.0,6730.0,47110.0,nissan,maxima,2011,0,187,2,1999
264,47,687639,in,250/500,2000.0,1181.46,10000000.0,female,jd,transport-moving,sleeping,other-relative,0.0,-67400.0,2015-02-12,multi-vehicle collision,front collision,total loss,ambulance,oh,arlington,1655 francis hwy,16,4,yes,1,2,yes,62370.0,5670.0,5670.0,51030.0,dodge,neon,2001,0,120,2,2005
255,44,903203,oh,500/1000,2000.0,814.96,6000000.0,female,phd,priv-house-serv,chess,not-in-family,68500.0,0.0,2015-02-05,parked car,Unknown,trivial damage,police,nc,hillsdale,2787 mlk st,7,1,Unknown,2,2,no,6400.0,640.0,1280.0,4480.0,mercedes,ml350,2005,1,135,2,2004
259,36,855186,in,500/1000,2000.0,1255.68,6000000.0,female,associate,sales,reading,other-relative,23600.0,-15600.0,2015-02-18,parked car,Unknown,minor damage,nan,nc,arlington,4055 2nd drive,7,1,no,0,0,Unknown,7400.0,740.0,1480.0,5180.0,dodge,neon,2014,0,259,2,1993
163,37,812989,in,250/500,500.0,1178.95,6000000.0,female,jd,priv-house-serv,dancing,own-child,0.0,-67300.0,2015-01-16,single vehicle collision,rear collision,total loss,fire,ny,springfield,7327 lincoln drive,20,1,yes,2,3,yes,49400.0,4940.0,9880.0,34580.0,jeep,wrangler,2005,0,132,1,2004
84,32,263159,oh,100/300,500.0,1402.78,5000000.0,female,phd,other-service,base-jumping,husband,70300.0,-50300.0,2015-02-02,single vehicle collision,rear collision,minor damage,ambulance,ny,northbrook,8879 1st drive,2,1,yes,0,1,Unknown,56070.0,6230.0,12460.0,37380.0,toyota,camry,2012,0,84,2,2008
347,51,343421,oh,500/1000,500.0,1480.79,9000000.0,female,md,priv-house-serv,board-games,unmarried,0.0,-12100.0,2015-01-07,single vehicle collision,side collision,total loss,other,nc,hillsdale,9070 tree ave,15,1,yes,0,2,Unknown,103560.0,8630.0,17260.0,77670.0,jeep,wrangler,1997,0,221,1,1996
212,33,758740,il,500/1000,1000.0,1096.79,6000000.0,female,associate,handlers-cleaners,dancing,unmarried,45500.0,-60600.0,2015-01-07,single vehicle collision,rear collision,major damage,police,va,springfield,8926 texas ridge,16,1,Unknown,2,1,Unknown,81400.0,8140.0,8140.0,65120.0,bmw,m5,1998,0,212,1,1997
225,37,373600,oh,100/300,1000.0,1217.84,5000000.0,female,high school,farming-fishing,yachting,not-in-family,49600.0,0.0,2015-02-07,multi-vehicle collision,front collision,minor damage,fire,wv,northbrook,6501 5th drive,19,3,Unknown,2,2,no,57600.0,9600.0,9600.0,38400.0,volkswagen,passat,2015,0,172,2,2000
264,38,238412,il,500/1000,2000.0,1294.93,6000000.0,male,md,tech-support,video-games,unmarried,38000.0,-50300.0,2015-02-14,multi-vehicle collision,front collision,minor damage,ambulance,wv,springfield,1957 washington ave,12,3,yes,1,2,no,64620.0,7180.0,0.0,57440.0,dodge,neon,2003,0,264,2,1993
245,42,218456,il,500/1000,1000.0,1575.74,7000000.0,male,jd,exec-managerial,chess,other-relative,0.0,-68900.0,2015-02-20,parked car,Unknown,minor damage,police,pa,springfield,9685 sky ridge,19,1,Unknown,2,2,Unknown,6490.0,590.0,1180.0,4720.0,toyota,camry,2011,1,153,2,2002
264,44,976645,il,100/300,500.0,1047.06,6000000.0,male,college,exec-managerial,sleeping,wife,0.0,0.0,2015-02-13,multi-vehicle collision,rear collision,major damage,fire,sc,springfield,9325 lincoln drive,20,3,no,0,2,no,69850.0,12700.0,6350.0,50800.0,ford,fusion,1999,0,60,2,2010
223,39,498759,il,100/300,1000.0,1326.98,6000000.0,female,high school,machine-op-inspct,reading,unmarried,64200.0,0.0,2015-01-13,multi-vehicle collision,front collision,minor damage,ambulance,va,northbend,2603 andromedia hwy,14,3,yes,1,3,Unknown,54120.0,4510.0,9020.0,40590.0,jeep,grand cherokee,2007,0,223,1,1996
321,44,284143,il,500/1000,2000.0,1344.56,6000000.0,male,associate,machine-op-inspct,hiking,husband,0.0,-39100.0,2015-02-12,vehicle theft,Unknown,trivial damage,police,ny,northbend,4625 mlk drive,7,1,Unknown,1,2,no,4680.0,520.0,0.0,4160.0,accura,mdx,1999,0,82,2,2008
104,29,357949,oh,500/1000,500.0,854.58,0.0,female,jd,craft-repair,paintball,other-relative,52200.0,0.0,2015-01-01,single vehicle collision,side collision,minor damage,police,sc,northbrook,7178 best drive,15,1,Unknown,2,3,yes,86790.0,7890.0,23670.0,55230.0,honda,crv,2003,0,104,1,2006
289,48,231127,il,500/1000,500.0,1173.37,8000000.0,female,phd,handlers-cleaners,board-games,own-child,0.0,-42700.0,2015-01-09,single vehicle collision,front collision,total loss,other,sc,springfield,1325 1st lane,1,1,Unknown,1,0,Unknown,42900.0,8580.0,0.0,34320.0,accura,tl,1999,0,235,1,1995
61,26,766193,oh,100/300,2000.0,1188.28,6000000.0,female,jd,farming-fishing,skydiving,wife,0.0,-53800.0,2015-02-14,multi-vehicle collision,rear collision,major damage,fire,va,hillsdale,3769 sky st,16,2,yes,1,0,no,53820.0,11960.0,5980.0,35880.0,ford,f150,2015,1,43,2,2011
334,46,555374,il,100/300,1000.0,876.88,6000000.0,male,md,sales,reading,other-relative,0.0,0.0,2015-01-03,single vehicle collision,rear collision,minor damage,police,wv,hillsdale,8489 pine hwy,2,1,no,2,1,no,57330.0,12740.0,6370.0,38220.0,jeep,grand cherokee,1998,0,24,1,2013
286,43,582480,il,500/1000,500.0,1187.01,7000000.0,female,associate,tech-support,exercise,unmarried,46300.0,-33000.0,2015-02-02,vehicle theft,Unknown,trivial damage,police,ny,northbrook,2986 mlk drive,9,1,no,0,1,Unknown,3840.0,640.0,640.0,2560.0,chevrolet,tahoe,2014,0,286,2,1991
316,45,164988,il,100/300,2000.0,1290.74,5000000.0,female,high school,prof-specialty,kayaking,husband,58300.0,0.0,2015-02-12,multi-vehicle collision,side collision,major damage,ambulance,va,springfield,5868 sky hwy,6,3,no,2,0,yes,78870.0,7170.0,14340.0,57360.0,suburu,legacy,2013,0,13,2,2013
354,48,534982,il,500/1000,2000.0,1526.11,5000000.0,female,masters,sales,exercise,unmarried,0.0,0.0,2015-01-03,single vehicle collision,front collision,minor damage,police,sc,columbus,8081 flute ridge,12,1,Unknown,2,3,yes,90240.0,15040.0,15040.0,60160.0,chevrolet,malibu,1995,0,142,1,2003
158,30,689034,oh,500/1000,500.0,1093.07,4000000.0,female,phd,other-service,reading,wife,27700.0,-72400.0,2015-01-06,single vehicle collision,front collision,major damage,other,va,hillsdale,9633 rock hwy,0,1,Unknown,2,2,no,83160.0,6930.0,13860.0,62370.0,volkswagen,jetta,2011,0,158,1,2002
239,41,743092,oh,250/500,1000.0,1325.44,7000000.0,female,jd,farming-fishing,paintball,other-relative,51400.0,-6300.0,2015-02-18,parked car,Unknown,trivial damage,police,nc,arlington,6303 1st drive,22,1,Unknown,0,2,yes,10790.0,1660.0,830.0,8300.0,mercedes,e400,2013,0,15,2,2013
254,40,349658,in,100/300,500.0,1927.87,0.0,male,md,prof-specialty,yachting,husband,0.0,0.0,2015-01-21,single vehicle collision,front collision,minor damage,fire,va,arlington,6260 5th lane,10,1,yes,0,1,Unknown,43280.0,0.0,5410.0,37870.0,honda,civic,1996,1,251,1,1994
235,26,550930,il,500/1000,500.0,1500.04,6000000.0,male,phd,craft-repair,polo,own-child,0.0,-36500.0,2015-02-13,vehicle theft,Unknown,minor damage,police,nc,northbrook,1810 elm hwy,5,1,no,0,2,yes,5160.0,860.0,860.0,3440.0,accura,tl,2004,0,235,2,1995
290,41,337158,oh,250/500,2000.0,945.73,5000000.0,male,md,protective-serv,chess,wife,38600.0,-42800.0,2015-02-04,single vehicle collision,front collision,minor damage,fire,ny,arlington,4981 flute hwy,23,1,no,0,0,no,84100.0,16820.0,8410.0,58870.0,ford,escape,2009,1,290,2,1991
281,30,250249,in,100/300,500.0,1392.39,5000000.0,female,high school,exec-managerial,dancing,unmarried,0.0,-65700.0,2015-01-12,single vehicle collision,rear collision,minor damage,fire,sc,riverwood,3323 1st lane,16,1,no,2,0,yes,54300.0,10860.0,5430.0,38010.0,toyota,highlander,2010,0,281,1,1991
165,35,976908,il,250/500,500.0,900.02,6000000.0,male,college,craft-repair,camping,own-child,0.0,-49900.0,2015-02-24,single vehicle collision,front collision,total loss,other,sc,springfield,9007 francis hwy,8,1,no,1,3,yes,69700.0,6970.0,6970.0,55760.0,bmw,3 series,2008,0,26,2,2012
158,33,509489,oh,100/300,1000.0,1744.64,3000000.0,male,jd,prof-specialty,movies,unmarried,0.0,0.0,2015-02-07,multi-vehicle collision,rear collision,total loss,ambulance,wv,springfield,1491 francis ridge,4,3,no,0,1,no,36400.0,3640.0,7280.0,25480.0,volkswagen,jetta,1998,0,13,2,2013
102,32,783494,oh,100/300,500.0,1537.07,3000000.0,male,jd,tech-support,chess,wife,0.0,0.0,2015-02-04,single vehicle collision,side collision,total loss,other,oh,northbend,6515 oak lane,11,1,no,1,0,no,47400.0,9480.0,4740.0,33180.0,chevrolet,silverado,2004,1,5,2,2014
296,41,512894,oh,250/500,2000.0,1153.54,6000000.0,male,masters,protective-serv,polo,unmarried,0.0,-57000.0,2015-02-12,multi-vehicle collision,rear collision,minor damage,fire,ny,northbrook,6853 sky hwy,3,3,no,0,1,Unknown,68090.0,12380.0,12380.0,43330.0,toyota,corolla,2009,0,296,2,1990
209,43,528385,il,500/1000,500.0,1320.39,0.0,female,associate,armed-forces,yachting,not-in-family,0.0,0.0,2015-01-19,single vehicle collision,rear collision,major damage,ambulance,wv,arlington,6603 francis hwy,16,1,Unknown,2,1,Unknown,79970.0,7270.0,21810.0,50890.0,honda,crv,1996,1,209,1,1997
270,29,276804,il,100/300,500.0,995.7,5000000.0,female,jd,priv-house-serv,chess,unmarried,0.0,0.0,2015-02-02,parked car,Unknown,trivial damage,police,pa,springfield,1821 andromedia ridge,3,1,Unknown,2,1,Unknown,5000.0,500.0,1000.0,3500.0,mercedes,e400,2008,1,270,2,1992
286,41,507545,il,250/500,1000.0,1298.85,6000000.0,female,high school,sales,camping,other-relative,71300.0,-70300.0,2015-01-04,multi-vehicle collision,front collision,major damage,ambulance,ny,columbus,6859 flute ridge,16,3,Unknown,1,3,yes,54450.0,6050.0,12100.0,36300.0,saab,92x,2007,0,195,1,1998
298,38,485642,oh,250/500,1000.0,1276.73,5000000.0,female,masters,handlers-cleaners,bungie-jumping,other-relative,0.0,0.0,2015-02-19,multi-vehicle collision,front collision,major damage,police,wv,northbrook,4175 elm ridge,12,3,no,1,3,Unknown,61920.0,6880.0,6880.0,48160.0,saab,93,2003,0,298,2,1990
127,27,714784,in,250/500,1000.0,1008.79,4000000.0,female,masters,adm-clerical,video-games,own-child,46000.0,0.0,2015-01-13,vehicle theft,Unknown,trivial damage,police,wv,columbus,7816 mlk lane,19,1,no,2,3,Unknown,4400.0,0.0,550.0,3850.0,toyota,camry,2000,0,127,1,2004
236,39,830878,in,250/500,1000.0,1151.39,4000000.0,female,masters,exec-managerial,reading,wife,0.0,-63900.0,2015-01-01,parked car,Unknown,minor damage,police,ny,springfield,2832 andromedia lane,17,1,yes,0,0,Unknown,8700.0,870.0,1740.0,6090.0,accura,rsx,2003,0,221,1,1996
214,36,831479,il,100/300,2000.0,987.42,7000000.0,female,associate,machine-op-inspct,kayaking,own-child,0.0,0.0,2015-01-31,multi-vehicle collision,front collision,minor damage,ambulance,ny,springfield,3592 mlk ridge,17,3,no,0,3,Unknown,47080.0,4280.0,8560.0,34240.0,saab,93,2006,0,178,1,2000
303,50,521694,il,100/300,2000.0,836.11,5000000.0,male,masters,sales,camping,not-in-family,0.0,0.0,2015-01-20,multi-vehicle collision,side collision,major damage,fire,sc,springfield,9751 tree st,1,4,yes,1,2,no,72840.0,12140.0,6070.0,54630.0,dodge,neon,2010,0,217,1,1997
147,37,952300,oh,500/1000,1000.0,1439.9,6000000.0,female,associate,prof-specialty,video-games,husband,0.0,-48400.0,2015-01-29,multi-vehicle collision,rear collision,total loss,other,sc,springfield,4931 maple drive,2,2,no,1,2,no,53680.0,9760.0,4880.0,39040.0,accura,mdx,2004,0,66,1,2009
290,48,824728,il,250/500,500.0,1161.03,5000000.0,male,associate,adm-clerical,video-games,not-in-family,45300.0,0.0,2015-02-13,multi-vehicle collision,side collision,minor damage,fire,va,northbrook,3966 oak hwy,20,2,Unknown,1,1,Unknown,41520.0,5190.0,5190.0,31140.0,nissan,ultima,2014,0,22,2,2013
254,40,463513,il,250/500,500.0,1390.89,5000000.0,male,college,armed-forces,bungie-jumping,wife,0.0,-74400.0,2015-02-28,single vehicle collision,front collision,minor damage,other,ny,riverwood,6467 best ave,23,1,Unknown,2,2,Unknown,53460.0,9720.0,4860.0,38880.0,volkswagen,jetta,2009,0,241,2,1995
109,29,488464,oh,100/300,2000.0,1007.28,6000000.0,female,high school,adm-clerical,movies,husband,0.0,0.0,2015-02-21,multi-vehicle collision,side collision,minor damage,police,ny,riverwood,1833 solo ave,17,3,no,1,3,yes,91080.0,16560.0,16560.0,57960.0,jeep,wrangler,1995,0,102,2,2006
144,20,480094,in,500/1000,1000.0,1189.98,4000000.0,female,high school,craft-repair,golf,other-relative,0.0,-54700.0,2015-02-01,single vehicle collision,side collision,minor damage,other,wv,columbus,1953 sky lane,22,1,no,1,3,yes,48360.0,4030.0,8060.0,36270.0,audi,a5,2000,0,144,2,2003
155,32,298412,oh,100/300,500.0,1172.82,4000000.0,male,associate,machine-op-inspct,yachting,other-relative,82100.0,0.0,2015-02-24,vehicle theft,Unknown,trivial damage,police,sc,arlington,9562 4th ridge,8,1,Unknown,1,3,no,3900.0,780.0,390.0,2730.0,ford,f150,2010,0,155,2,2002
252,39,261905,il,500/1000,500.0,1312.22,9000000.0,male,high school,transport-moving,cross-fit,other-relative,0.0,-33300.0,2015-02-21,multi-vehicle collision,front collision,minor damage,other,nc,riverwood,4835 britain ridge,15,3,Unknown,0,3,no,59400.0,11880.0,5940.0,41580.0,jeep,grand cherokee,2010,1,133,2,2004
303,43,674485,oh,500/1000,1000.0,671.01,7000000.0,female,associate,machine-op-inspct,camping,other-relative,42900.0,-61500.0,2015-01-08,single vehicle collision,rear collision,minor damage,fire,nc,springfield,8548 cherokee ridge,20,1,Unknown,2,0,Unknown,60210.0,6690.0,6690.0,46830.0,nissan,maxima,2013,0,194,1,1999
211,37,483088,oh,250/500,2000.0,1295.63,4000000.0,female,phd,armed-forces,skydiving,not-in-family,42200.0,-33800.0,2015-01-30,multi-vehicle collision,front collision,total loss,police,wv,northbend,9816 britain st,22,3,yes,1,0,Unknown,53460.0,5940.0,5940.0,41580.0,honda,crv,2009,0,49,1,2011
172,33,100804,il,100/300,1000.0,1459.96,6000000.0,female,high school,adm-clerical,reading,wife,41300.0,-42000.0,2015-01-07,multi-vehicle collision,side collision,total loss,ambulance,ny,northbend,8214 flute st,15,3,no,0,1,no,41690.0,7580.0,7580.0,26530.0,saab,95,1999,0,34,1,2012
316,46,941807,oh,100/300,500.0,1219.94,7000000.0,female,masters,prof-specialty,paintball,wife,0.0,-51000.0,2015-02-27,single vehicle collision,side collision,minor damage,ambulance,ny,arlington,6259 lincoln hwy,13,1,Unknown,0,1,yes,63100.0,6310.0,12620.0,44170.0,accura,tl,2000,0,44,2,2011
435,60,593466,oh,500/1000,500.0,1064.49,5000000.0,male,associate,priv-house-serv,chess,other-relative,73500.0,-43300.0,2015-02-13,single vehicle collision,front collision,total loss,ambulance,wv,arlington,4492 andromedia ave,23,1,no,2,1,Unknown,62880.0,5240.0,10480.0,47160.0,mercedes,e400,2007,1,100,2,2006
233,38,944953,oh,250/500,1000.0,1540.91,7000000.0,male,college,adm-clerical,polo,wife,40900.0,0.0,2015-02-24,vehicle theft,Unknown,trivial damage,nan,va,northbend,1515 embaracadero st,0,1,no,1,1,yes,4320.0,480.0,960.0,2880.0,toyota,corolla,1995,0,233,2,1995
155,29,386429,il,250/500,500.0,1381.88,5000000.0,male,high school,tech-support,exercise,other-relative,0.0,-77800.0,2015-02-21,vehicle theft,Unknown,trivial damage,police,sc,hillsdale,2968 andromedia ave,4,1,no,0,2,Unknown,4200.0,840.0,420.0,2940.0,jeep,wrangler,2008,0,155,2,2002
253,38,719989,il,250/500,2000.0,566.11,5000000.0,male,associate,armed-forces,polo,unmarried,0.0,0.0,2015-01-21,parked car,Unknown,trivial damage,police,nc,springfield,9397 5th hwy,22,1,yes,0,0,no,2640.0,440.0,440.0,1760.0,honda,crv,2015,0,253,1,1994
238,43,444035,oh,250/500,1000.0,1524.45,4000000.0,male,high school,handlers-cleaners,chess,wife,0.0,-44800.0,2015-02-16,multi-vehicle collision,rear collision,total loss,ambulance,nc,hillsdale,3397 5th ave,21,4,no,0,0,no,42700.0,4270.0,4270.0,34160.0,saab,92x,1995,1,228,2,1996
190,35,284836,in,250/500,500.0,1484.72,5000000.0,female,high school,tech-support,golf,husband,0.0,0.0,2015-02-02,parked car,Unknown,trivial damage,nan,ny,riverwood,5743 4th ridge,4,1,no,0,1,no,3840.0,640.0,320.0,2880.0,saab,92x,1998,0,76,2,2008
254,41,496067,il,250/500,500.0,1581.27,5000000.0,female,phd,handlers-cleaners,skydiving,own-child,42200.0,-48000.0,2015-01-07,single vehicle collision,front collision,minor damage,police,ny,riverwood,3029 5th ave,8,1,yes,2,2,no,63470.0,5770.0,11540.0,46160.0,bmw,x6,1999,0,231,1,1995
241,36,641845,oh,250/500,500.0,1865.83,5000000.0,male,college,transport-moving,kayaking,unmarried,32800.0,-50600.0,2015-02-11,single vehicle collision,rear collision,total loss,police,wv,hillsdale,7316 texas ave,17,1,Unknown,2,1,yes,47300.0,4300.0,8600.0,34400.0,volkswagen,jetta,2006,0,241,2,1995
132,31,873384,il,250/500,2000.0,1234.69,9000000.0,female,md,tech-support,paintball,husband,0.0,0.0,2015-02-06,multi-vehicle collision,front collision,major damage,other,wv,arlington,7733 britain lane,1,2,no,2,1,Unknown,74400.0,14880.0,7440.0,52080.0,bmw,m5,2003,1,132,2,2004
275,23,520179,oh,500/1000,2000.0,1471.44,5000000.0,male,high school,transport-moving,reading,own-child,57500.0,0.0,2015-01-20,single vehicle collision,rear collision,major damage,fire,nc,riverwood,6110 rock ridge,8,1,no,2,1,no,50380.0,4580.0,9160.0,36640.0,chevrolet,tahoe,2007,1,275,1,1992
98,29,465065,in,250/500,1000.0,1274.7,5000000.0,male,college,prof-specialty,hiking,other-relative,47500.0,-58700.0,2015-01-11,multi-vehicle collision,rear collision,major damage,ambulance,nc,springfield,4910 1st lane,15,3,yes,2,3,yes,55400.0,5540.0,11080.0,38780.0,chevrolet,silverado,2004,1,98,1,2006
249,28,447226,oh,500/1000,500.0,1122.95,4000000.0,male,masters,priv-house-serv,golf,other-relative,78000.0,0.0,2015-02-23,multi-vehicle collision,side collision,minor damage,ambulance,wv,northbrook,6399 oak drive,4,3,no,0,3,yes,74880.0,12480.0,12480.0,49920.0,accura,tl,2000,0,249,2,1994
222,32,713172,il,250/500,1000.0,985.97,5000000.0,female,college,protective-serv,cross-fit,other-relative,0.0,0.0,2015-02-01,single vehicle collision,side collision,major damage,fire,va,northbrook,7112 weaver ave,13,1,Unknown,2,3,Unknown,82170.0,14940.0,7470.0,59760.0,chevrolet,silverado,1995,1,222,2,1996
246,43,805806,in,250/500,1000.0,1267.4,6000000.0,male,jd,adm-clerical,basketball,husband,0.0,0.0,2015-02-09,single vehicle collision,side collision,minor damage,fire,ny,hillsdale,3771 4th st,0,1,no,2,1,Unknown,50700.0,5070.0,5070.0,40560.0,accura,rsx,2006,0,25,2,2013
120,33,507452,oh,250/500,500.0,1124.59,6000000.0,male,college,adm-clerical,golf,not-in-family,67300.0,0.0,2015-02-26,single vehicle collision,rear collision,minor damage,other,nc,columbus,5058 4th lane,4,1,no,1,2,no,40800.0,6800.0,6800.0,27200.0,bmw,x5,2004,0,120,2,2005
241,39,892148,in,500/1000,500.0,1359.36,5000000.0,male,phd,exec-managerial,hiking,husband,0.0,-43600.0,2015-02-08,multi-vehicle collision,front collision,major damage,other,sc,arlington,9103 mlk lane,9,3,yes,2,2,yes,71610.0,13020.0,6510.0,52080.0,toyota,highlander,2012,1,241,2,1995
78,31,230223,il,500/1000,500.0,1969.63,0.0,female,md,sales,skydiving,own-child,0.0,0.0,2015-02-13,multi-vehicle collision,side collision,total loss,fire,wv,northbend,1618 maple hwy,21,3,no,1,1,yes,76450.0,6950.0,13900.0,55600.0,dodge,ram,1995,0,78,2,2008
96,31,973546,oh,500/1000,500.0,1493.5,5000000.0,female,associate,priv-house-serv,movies,not-in-family,39900.0,-44000.0,2015-01-31,vehicle theft,Unknown,minor damage,police,wv,northbrook,4237 4th st,7,1,no,2,1,no,8030.0,1460.0,730.0,5840.0,mercedes,e400,1995,0,96,1,2007
440,57,648852,il,100/300,1000.0,995.55,5000000.0,male,college,protective-serv,paintball,wife,51500.0,-52100.0,2015-02-02,multi-vehicle collision,rear collision,major damage,police,sc,arlington,6668 andromedia ridge,19,3,yes,0,3,Unknown,68200.0,12400.0,12400.0,43400.0,jeep,wrangler,2007,1,96,2,2007
264,43,516959,il,100/300,500.0,1508.12,6000000.0,male,phd,craft-repair,basketball,wife,0.0,0.0,2015-01-20,multi-vehicle collision,rear collision,major damage,other,ny,columbus,5276 2nd lane,0,3,Unknown,2,1,no,60750.0,13500.0,6750.0,40500.0,jeep,wrangler,2015,1,57,1,2010
141,30,984456,in,500/1000,500.0,484.67,0.0,female,college,adm-clerical,paintball,wife,21100.0,-60800.0,2015-01-24,multi-vehicle collision,front collision,major damage,fire,sc,arlington,2889 weaver st,2,3,Unknown,0,2,yes,65560.0,11920.0,11920.0,41720.0,volkswagen,passat,2015,1,141,1,2003
169,32,979336,il,500/1000,500.0,1694.09,7000000.0,female,associate,prof-specialty,cross-fit,husband,0.0,0.0,2015-01-30,single vehicle collision,rear collision,total loss,other,ny,northbend,1546 cherokee ave,0,1,yes,0,2,Unknown,57240.0,4770.0,9540.0,42930.0,bmw,x6,1995,1,169,1,2001
320,48,787351,il,250/500,2000.0,1730.49,7000000.0,male,college,transport-moving,hiking,not-in-family,46300.0,-41700.0,2015-01-24,multi-vehicle collision,front collision,minor damage,fire,wv,northbrook,8770 1st lane,13,3,no,2,0,no,56160.0,4680.0,9360.0,42120.0,saab,95,1995,0,21,1,2013
297,47,272330,in,250/500,500.0,1616.65,7000000.0,male,md,adm-clerical,movies,unmarried,0.0,-59500.0,2015-01-16,multi-vehicle collision,side collision,total loss,fire,wv,columbus,1087 flute drive,0,3,Unknown,0,3,yes,44400.0,5550.0,5550.0,33300.0,jeep,grand cherokee,1999,0,62,1,2009
421,56,728025,in,100/300,500.0,1935.85,4000000.0,male,masters,machine-op-inspct,reading,own-child,49500.0,-81100.0,2015-01-12,single vehicle collision,rear collision,major damage,ambulance,ny,hillsdale,2217 tree lane,7,1,Unknown,2,3,Unknown,92730.0,16860.0,8430.0,67440.0,mercedes,e400,2004,1,303,1,1990
194,24,718829,oh,250/500,2000.0,1568.47,4000000.0,female,high school,armed-forces,yachting,unmarried,46800.0,0.0,2015-02-02,single vehicle collision,side collision,major damage,fire,ny,northbrook,2123 mlk ridge,7,1,no,2,0,Unknown,56600.0,11320.0,5660.0,39620.0,toyota,camry,1999,0,194,2,1999
200,34,910365,in,250/500,1000.0,828.42,3000000.0,female,college,prof-specialty,basketball,other-relative,0.0,0.0,2015-01-22,single vehicle collision,front collision,total loss,police,ny,arlington,4394 oak st,10,1,Unknown,2,2,no,56000.0,5600.0,5600.0,44800.0,chevrolet,malibu,2009,0,159,1,2001
404,56,485813,in,250/500,1000.0,1361.16,4000000.0,female,masters,transport-moving,cross-fit,not-in-family,0.0,-63700.0,2015-01-15,single vehicle collision,front collision,minor damage,ambulance,va,hillsdale,2798 1st ave,23,1,no,2,0,yes,53100.0,5310.0,5310.0,42480.0,accura,mdx,2005,1,58,1,2010
291,48,886473,oh,500/1000,2000.0,1422.56,7000000.0,female,md,prof-specialty,video-games,husband,26900.0,-55300.0,2015-02-09,vehicle theft,Unknown,minor damage,nan,wv,springfield,2809 francis lane,7,1,Unknown,1,2,no,3520.0,640.0,320.0,2560.0,accura,mdx,2013,0,291,2,1991
231,36,211578,il,500/1000,1000.0,1236.32,5000000.0,female,md,adm-clerical,hiking,own-child,55100.0,0.0,2015-01-10,single vehicle collision,side collision,total loss,police,pa,northbrook,3488 flute lane,0,1,no,2,0,no,61050.0,5550.0,11100.0,44400.0,dodge,neon,2009,0,231,1,1996
370,55,528259,in,500/1000,2000.0,1389.13,7000000.0,male,jd,other-service,basketball,wife,0.0,-53200.0,2015-02-17,vehicle theft,Unknown,minor damage,nan,nc,northbrook,4814 lincoln lane,6,1,Unknown,0,2,Unknown,9000.0,900.0,1800.0,6300.0,mercedes,ml350,2015,0,26,2,2012
427,60,953334,in,100/300,1000.0,1178.61,7000000.0,male,md,craft-repair,board-games,own-child,0.0,-54400.0,2015-02-20,single vehicle collision,side collision,major damage,ambulance,ny,springfield,9214 texas drive,23,1,yes,1,2,yes,90860.0,12980.0,19470.0,58410.0,volkswagen,jetta,2004,1,112,2,2005
380,53,369781,il,250/500,2000.0,1166.62,6000000.0,male,associate,priv-house-serv,bungie-jumping,wife,0.0,0.0,2015-02-24,parked car,Unknown,trivial damage,police,nc,northbend,8991 texas hwy,23,1,no,0,3,no,5700.0,570.0,570.0,4560.0,saab,93,2001,0,45,2,2011
242,44,664732,il,500/1000,2000.0,1396.89,6000000.0,female,college,priv-house-serv,chess,other-relative,0.0,-61600.0,2015-02-04,multi-vehicle collision,front collision,minor damage,other,sc,springfield,1469 lincoln drive,15,3,no,1,2,yes,66900.0,6690.0,13380.0,46830.0,suburu,forrestor,1999,1,140,2,2003
286,37,376879,il,100/300,1000.0,1406.52,8000000.0,male,md,tech-support,base-jumping,unmarried,0.0,0.0,2015-01-28,single vehicle collision,side collision,major damage,ambulance,sc,arlington,2849 pine drive,12,1,no,0,2,no,44200.0,4420.0,4420.0,35360.0,jeep,wrangler,2002,1,286,1,1991
405,57,676255,in,500/1000,1000.0,1132.47,4000000.0,male,md,priv-house-serv,exercise,other-relative,46300.0,0.0,2015-01-08,multi-vehicle collision,front collision,total loss,other,ny,northbend,3841 washington lane,21,3,Unknown,2,3,Unknown,61440.0,10240.0,10240.0,40960.0,saab,93,2008,0,183,1,1999
338,47,884180,il,500/1000,500.0,1143.46,4000000.0,male,md,priv-house-serv,polo,other-relative,0.0,0.0,2015-02-18,single vehicle collision,front collision,total loss,other,nc,arlington,4826 5th st,4,1,yes,2,1,Unknown,58560.0,9760.0,9760.0,39040.0,mercedes,e400,2002,0,237,2,1995
441,55,669501,in,250/500,500.0,1270.29,4000000.0,male,college,armed-forces,exercise,husband,24000.0,-50500.0,2015-02-19,parked car,Unknown,minor damage,nan,va,arlington,9988 rock ridge,4,1,no,0,0,no,6400.0,640.0,640.0,5120.0,honda,civic,2002,0,67,2,2009
149,21,577992,in,250/500,500.0,915.41,5000000.0,female,high school,exec-managerial,sleeping,own-child,0.0,0.0,2015-02-11,single vehicle collision,side collision,total loss,police,ny,northbrook,8456 1st ave,23,1,yes,0,0,no,40500.0,4050.0,4050.0,32400.0,nissan,pathfinder,1998,0,149,2,2002
229,41,378587,oh,250/500,2000.0,1107.59,3000000.0,male,phd,tech-support,chess,not-in-family,65400.0,0.0,2015-01-23,single vehicle collision,side collision,major damage,other,ny,columbus,6888 elm ridge,23,1,no,1,3,no,62640.0,10440.0,10440.0,41760.0,mercedes,c300,2009,0,196,1,1998
55,35,490596,il,500/1000,500.0,1198.44,8000000.0,male,md,priv-house-serv,polo,wife,0.0,0.0,2015-01-14,vehicle theft,Unknown,minor damage,police,wv,columbus,4496 pine lane,9,1,no,0,3,no,3080.0,560.0,560.0,1960.0,nissan,ultima,1998,0,48,1,2011
296,31,149839,oh,100/300,1000.0,1457.65,5000000.0,female,college,armed-forces,camping,own-child,0.0,0.0,2015-02-03,multi-vehicle collision,rear collision,major damage,ambulance,va,riverwood,1110 4th drive,0,3,no,1,3,Unknown,52380.0,5820.0,5820.0,40740.0,toyota,highlander,2010,0,296,2,1990
277,40,643226,oh,250/500,1000.0,1693.83,7000000.0,male,high school,protective-serv,polo,other-relative,44000.0,-20800.0,2015-01-09,single vehicle collision,front collision,minor damage,police,ny,northbrook,9043 maple hwy,6,1,Unknown,1,0,Unknown,53400.0,5340.0,5340.0,42720.0,honda,crv,2003,0,277,1,1992
218,31,746630,in,250/500,500.0,1054.92,6000000.0,female,phd,prof-specialty,exercise,own-child,51900.0,0.0,2015-01-16,single vehicle collision,front collision,major damage,other,ny,northbrook,5608 solo st,4,1,Unknown,0,0,Unknown,68240.0,8530.0,0.0,59710.0,toyota,corolla,2013,1,218,1,1997
279,45,598308,in,250/500,2000.0,1333.97,6000000.0,female,md,other-service,bungie-jumping,unmarried,61100.0,-30700.0,2015-01-12,multi-vehicle collision,rear collision,major damage,other,sc,arlington,6981 weaver st,21,3,Unknown,1,0,Unknown,61050.0,11100.0,11100.0,38850.0,dodge,ram,2011,1,279,1,1992
308,47,720356,oh,100/300,1000.0,1013.61,6000000.0,female,associate,craft-repair,movies,own-child,45700.0,-41400.0,2015-01-03,parked car,Unknown,minor damage,nan,ny,springfield,4369 maple lane,7,1,Unknown,1,1,yes,5590.0,860.0,860.0,3870.0,suburu,impreza,2002,0,15,1,2013
158,31,148498,in,250/500,2000.0,1112.04,6000000.0,female,phd,other-service,base-jumping,own-child,52800.0,-54300.0,2015-01-13,parked car,Unknown,minor damage,nan,sc,arlington,7583 washington ave,5,1,no,1,3,no,4290.0,780.0,780.0,2730.0,volkswagen,passat,1998,0,158,1,2002
187,32,231548,il,100/300,2000.0,1263.48,4000000.0,female,jd,other-service,hiking,wife,46800.0,-87300.0,2015-02-07,single vehicle collision,side collision,major damage,fire,wv,hillsdale,6536 mlk hwy,10,1,Unknown,2,0,Unknown,63600.0,5300.0,10600.0,47700.0,audi,a5,1997,1,187,2,1999
465,63,531160,il,250/500,500.0,1006.99,6000000.0,female,masters,sales,board-games,own-child,0.0,0.0,2015-02-05,single vehicle collision,side collision,minor damage,other,wv,columbus,8198 embaracadero lane,7,1,no,0,3,Unknown,43560.0,4840.0,4840.0,33880.0,suburu,legacy,2015,0,37,2,2012
407,55,193213,oh,100/300,1000.0,1250.08,5000000.0,female,phd,tech-support,bungie-jumping,wife,0.0,-57700.0,2015-02-08,multi-vehicle collision,side collision,total loss,police,wv,arlington,1806 weaver ridge,0,3,Unknown,2,3,yes,68160.0,11360.0,11360.0,45440.0,ford,escape,2010,0,230,2,1996
208,27,557218,il,500/1000,500.0,982.7,6000000.0,female,college,transport-moving,video-games,unmarried,30800.0,-43700.0,2015-01-13,parked car,Unknown,minor damage,nan,sc,arlington,7930 texas ave,9,1,no,1,0,no,5170.0,940.0,470.0,3760.0,toyota,camry,2001,0,208,1,1997
187,37,125591,in,500/1000,1000.0,1412.06,5000000.0,female,masters,protective-serv,reading,not-in-family,60100.0,0.0,2015-01-16,single vehicle collision,side collision,total loss,ambulance,nc,riverwood,7082 oak ridge,21,1,Unknown,0,3,Unknown,57700.0,5770.0,5770.0,46160.0,nissan,maxima,2000,0,17,1,2013
205,42,471938,il,100/300,2000.0,1387.7,4000000.0,female,high school,priv-house-serv,skydiving,other-relative,0.0,0.0,2015-01-18,single vehicle collision,rear collision,minor damage,police,wv,columbus,3915 embaracadero st,19,1,no,2,1,no,86130.0,15660.0,15660.0,54810.0,chevrolet,silverado,1995,0,84,1,2008
163,37,390256,in,500/1000,1000.0,1200.33,4000000.0,female,high school,craft-repair,cross-fit,own-child,0.0,-36400.0,2015-02-06,vehicle theft,Unknown,minor damage,police,wv,springfield,6702 andromedia st,7,1,Unknown,2,1,yes,3900.0,390.0,780.0,2730.0,volkswagen,jetta,2008,1,63,2,2009
128,29,133889,oh,250/500,2000.0,1441.6,5000000.0,female,md,sales,kayaking,own-child,0.0,0.0,2015-01-12,multi-vehicle collision,rear collision,minor damage,other,nc,columbus,2253 maple ave,21,3,yes,0,0,Unknown,62900.0,6290.0,12580.0,44030.0,jeep,grand cherokee,1998,0,128,1,2004
249,32,931901,oh,100/300,1000.0,1433.42,6000000.0,female,associate,protective-serv,base-jumping,own-child,53800.0,0.0,2015-01-22,single vehicle collision,rear collision,major damage,police,nc,arlington,7897 lincoln st,4,1,yes,1,2,no,54200.0,5420.0,10840.0,37940.0,nissan,ultima,2014,1,249,1,1994
240,40,845751,in,100/300,500.0,1533.71,9000000.0,female,jd,protective-serv,polo,own-child,0.0,-70900.0,2015-01-10,multi-vehicle collision,rear collision,total loss,fire,va,northbend,7108 tree st,18,2,yes,0,2,Unknown,66550.0,6050.0,12100.0,48400.0,ford,escape,2008,0,125,1,2004
266,42,929306,in,100/300,500.0,1093.83,4000000.0,male,associate,adm-clerical,board-games,other-relative,0.0,-49600.0,2015-02-21,multi-vehicle collision,side collision,major damage,ambulance,wv,springfield,4937 flute drive,18,3,Unknown,1,1,no,53280.0,4440.0,8880.0,39960.0,suburu,impreza,2015,1,145,2,2003
235,39,836349,il,500/1000,2000.0,1453.61,4000000.0,male,jd,craft-repair,yachting,other-relative,0.0,0.0,2015-01-13,single vehicle collision,side collision,major damage,other,nc,hillsdale,5663 oak lane,10,1,Unknown,0,3,Unknown,60320.0,9280.0,9280.0,41760.0,chevrolet,tahoe,2012,1,20,1,2013
286,43,663190,il,100/300,500.0,1564.43,3000000.0,female,md,prof-specialty,movies,unmarried,77500.0,-32800.0,2015-01-31,single vehicle collision,rear collision,minor damage,fire,ny,northbrook,4755 1st st,18,1,Unknown,2,2,yes,34290.0,3810.0,3810.0,26670.0,jeep,grand cherokee,2013,0,255,1,1994
145,34,918516,oh,250/500,500.0,1383.49,3000000.0,female,masters,armed-forces,bungie-jumping,other-relative,35100.0,0.0,2015-01-23,multi-vehicle collision,side collision,minor damage,police,nc,arlington,7629 5th st,4,3,Unknown,2,3,yes,67500.0,7500.0,7500.0,52500.0,suburu,impreza,1996,0,145,1,2003
458,62,533940,il,500/1000,2000.0,1356.92,5000000.0,male,associate,handlers-cleaners,base-jumping,wife,0.0,0.0,2015-02-26,single vehicle collision,rear collision,major damage,other,ny,arlington,6128 elm lane,2,1,Unknown,0,1,yes,46980.0,5220.0,5220.0,36540.0,audi,a5,1998,0,39,2,2011
